CREATE DATABASE "FOOTBALL TICKET BOOKING SYSTEM";

-- USERS TABLE
CREATE TABLE USERS (
    USER_ID SERIAL,
    FULL_NAME VARCHAR(100) NOT NULL,
    EMAIL VARCHAR(100) NOT NULL,
    ROLE VARCHAR(50) NOT NULL,
    PHONE_NUMBER VARCHAR(20),
    
    -- CONSTRAINTS
    CONSTRAINT PK_USERS PRIMARY KEY (USER_ID),
    CONSTRAINT UK_USERS_EMAIL UNIQUE (EMAIL),
    CONSTRAINT CHK_USERS_ROLE CHECK (ROLE IN ('Ticket Manager', 'Football Fan'))
);

-- MATCHES TABLE
CREATE TABLE MATCHES (
    MATCH_ID SERIAL,
    FIXTURE VARCHAR(150) NOT NULL,
    TOURNAMENT_CATEGORY VARCHAR(100) NOT NULL,
    BASE_TICKET_PRICE DECIMAL(10, 2) NOT NULL,
    MATCH_STATUS VARCHAR(50) NOT NULL,
    
    -- CONSTRAINTS
    CONSTRAINT PK_MATCHES PRIMARY KEY (MATCH_ID),
    CONSTRAINT CHK_MATCHES_PRICE CHECK (BASE_TICKET_PRICE >= 0),
    CONSTRAINT CHK_MATCHES_STATUS CHECK (MATCH_STATUS IN ('Available', 'Selling Fast', 'Sold Out', 'Postponed'))
);

-- BOOKINGS TABLE
CREATE TABLE BOOKINGS (
    BOOKING_ID SERIAL,
    USER_ID INT NOT NULL,
    MATCH_ID INT NOT NULL,
    SEAT_NUMBER VARCHAR(20) NOT NULL,
    PAYMENT_STATUS VARCHAR(50) NOT NULL,
    TOTAL_COST DECIMAL(10, 2) NOT NULL,
    
    -- CONSTRAINTS
    CONSTRAINT PK_BOOKINGS PRIMARY KEY (BOOKING_ID),
    CONSTRAINT FK_BOOKINGS_USER FOREIGN KEY (USER_ID) REFERENCES USERS(USER_ID) ON DELETE CASCADE,
    CONSTRAINT FK_BOOKINGS_MATCH FOREIGN KEY (MATCH_ID) REFERENCES MATCHES(match_id) ON DELETE CASCADE,
    CONSTRAINT CHK_BOOKINGS_COST CHECK (TOTAL_COST >= 0),
    CONSTRAINT CHK_BOOKINGS_STATUS CHECK (PAYMENT_STATUS IN ('Pending', 'Confirmed', 'Cancelled', 'Refunded') OR PAYMENT_STATUS IS NULL)
);




-- INSERT DATA 

-- USERS TABLE INSERTS
INSERT INTO USERS (USER_ID, FULL_NAME, EMAIL, ROLE, PHONE_NUMBER) VALUES
(1, 'Tanvir Rahman', 'tanvir@mail.com', 'Football Fan', '+8801711111111'),
(2, 'Asif Haque', 'asif@mail.com', 'Football Fan', '+8801722222222'),
(3, 'Sajjad Rahman', 'sajjad@mail.com', 'Ticket Manager', '+8801733333333'),
(4, 'Jannat Ara', 'jannat@mail.com', 'Football Fan', NULL);

-- MATCHES TABLE INSERTS
INSERT INTO MATCHES (MATCH_ID, FIXTURE, TOURNAMENT_CATEGORY, BASE_TICKET_PRICE, MATCH_STATUS) VALUES
(101, 'Real Madrid vs Barcelona', 'Champions League', 150.00, 'Available'),
(102, 'Man City vs Liverpool', 'Premier League', 120.00, 'Selling Fast'),
(103, 'Bayern Munich vs PSG', 'Champions League', 130.00, 'Available'),
(104, 'AC Milan vs Inter Milan', 'Serie A', 90.00, 'Sold Out'),
(105, 'Juventus vs Roma', 'Serie A', 80.00, 'Available');

-- BOOKINGS TABLE INSERTS
INSERT INTO BOOKINGS (BOOKING_ID, USER_ID, MATCH_ID, SEAT_NUMBER, PAYMENT_STATUS, TOTAL_COST) VALUES
(501, 1, 101, 'A-12', 'Confirmed', 150.00),
(502, 1, 102, 'B-04', 'Confirmed', 120.00),
(503, 2, 101, 'A-13', 'Confirmed', 150.00),
(504, 2, 101, NULL, NULL, 150.00),
(505, 3, 102, 'C-20', 'Pending', 120.00);



-- LOGICAL QUERIES

